chromosome	start_H	end_H	mean_binsignal_H	start_D	end_D	mean_binsignal_D	Jaccard_index
chr6	44121910	44271909	0.4341318	44091910	44241909	0.4124817	0.6666667
chr19	54558403	54968402	0.4437283	54578403	54988402	0.4489437	0.9069767
